model_name,query,response
gemma3,Respond with a random digit and only a digit. There should be no additional characters beyond the number itself.,"7
"
gemma3,Respond with a random digit and only a digit. There should be no additional characters beyond the number itself.,"7
"
gemma3,Respond with a random digit and only a digit. There should be no additional characters beyond the number itself.,"7
"
gemma3,Respond with a random digit and only a digit. There should be no additional characters beyond the number itself.,"7
"
gemma3,Respond with a random digit and only a digit. There should be no additional characters beyond the number itself.,"7
"
gemma3,Respond with a random digit and only a digit. There should be no additional characters beyond the number itself.,"7
"
gemma3,Respond with a random digit and only a digit. There should be no additional characters beyond the number itself.,"7
"
gemma3,Respond with a random digit and only a digit. There should be no additional characters beyond the number itself.,"7
"
gemma3,Respond with a random digit and only a digit. There should be no additional characters beyond the number itself.,"7
"
gemma3,Respond with a random digit and only a digit. There should be no additional characters beyond the number itself.,"7
"
